"Time (s) Run #3","Position (m) Run #3"
0.00000,2.69054E-4
0.02500,0.00335
0.05000,0.00000
0.07500,0.00000
0.10000,0.00000
0.12500,0.00000
0.15000,0.00000
0.17500,0.00000
0.20000,0.00000
0.22500,0.00000
0.25000,0.00000
0.27500,0.00000
0.30000,0.00000
0.32500,0.00000
0.35000,0.00000
0.37500,0.00000
0.40000,0.00000
0.42500,0.00000
0.45000,0.00000
0.47500,0.00000
0.50000,0.00000
0.52500,0.00000
0.55000,0.00000
0.57500,0.00000
0.60000,0.00000
0.62500,0.00000
0.65000,0.00000
0.67500,0.00000
0.70000,0.00000
0.72500,0.00000
0.75000,0.00000
0.77500,0.00000
0.80000,0.00000
0.82500,0.00000
0.85000,0.00000
0.87500,0.00000
0.90000,0.00000
0.92500,0.00000
0.95000,0.00000
0.97500,0.00000
1.00000,0.00000
1.02500,0.00000
1.05000,0.00000
1.07500,0.00000
1.10000,0.00000
1.12500,0.00000
1.15000,0.00000
1.17500,0.00000
1.20000,0.00000
1.22500,0.00000
1.25000,0.00000
1.27500,0.00000
1.30000,0.00000
1.32500,0.00000
1.35000,0.00000
1.37500,0.00000
1.40000,0.00000
1.42500,0.00000
1.45000,0.00000
1.47500,0.00000
1.50000,0.00000
1.52500,0.00000
1.55000,0.00000
1.57500,0.00000
1.60000,0.00000
1.62500,0.00000
1.65000,0.00000
1.67500,0.00000
1.70000,0.00000
1.72500,0.00000
1.75000,0.00000
1.77500,0.00000
1.80000,0.00000
1.82500,0.00000
1.85000,0.00000
1.87500,0.00000
1.90000,0.00000
1.92500,0.00000
1.95000,0.00000
1.97500,0.00000
2.00000,0.00000
2.02500,0.00000
2.05000,0.00000
2.07500,0.00000
2.10000,0.00000
2.12500,0.00000
2.15000,0.00000
2.17500,0.00000
2.20000,0.00000
2.22500,0.00000
2.25000,0.00000
2.27500,0.00000
2.30000,0.00000
2.32500,0.00000
2.35000,0.00000
2.37500,0.00000
2.40000,0.00000
2.42500,0.00000
2.45000,0.00000
2.47500,0.00000
2.50000,4.40329E-6
2.52500,-1.72000E-4
2.55000,-1.72000E-4
2.57500,-1.67600E-4
2.60000,-3.44000E-4
2.62500,-3.44000E-4
2.65000,-3.39604E-4
2.67500,-5.16000E-4
2.70000,-5.20393E-4
2.72500,-3.44000E-4
2.75000,-3.44000E-4
2.77500,-3.44000E-4
2.80000,-3.44000E-4
2.82500,-3.48396E-4
2.85000,-1.72000E-4
2.87500,-1.76400E-4
2.90000,0.00000
2.92500,-4.40311E-6
2.95000,1.67593E-4
2.97500,3.39590E-4
3.00000,5.11587E-4
3.02500,6.88000E-4
3.05000,6.83583E-4
3.07500,8.60000E-4
3.10000,8.60000E-4
3.12500,8.60000E-4
3.15000,8.64420E-4
3.17500,6.92417E-4
3.20000,5.16000E-4
3.22500,5.20414E-4
3.25000,3.52821E-4
3.27500,4.40329E-6
3.30000,-1.67600E-4
3.32500,-3.39604E-4
3.35000,-5.11607E-4
3.37500,-6.83610E-4
3.40000,-8.55614E-4
3.42500,-0.00103
3.45000,-0.00103
3.47500,-0.00103
3.50000,-0.00104
3.52500,-8.60000E-4
3.55000,-8.64386E-4
3.57500,-6.92389E-4
3.60000,-5.24785E-4
3.62500,-1.76400E-4
3.65000,-8.80605E-6
3.67500,3.39590E-4
3.70000,5.07173E-4
3.72500,8.55580E-4
3.75000,0.00103
3.77500,0.00120
3.80000,0.00120
3.82500,0.00138
3.85000,0.00120
3.87500,0.00121
3.90000,0.00104
3.92500,8.64420E-4
3.95000,6.96834E-4
3.97500,3.48410E-4
4.00000,1.80814E-4
4.02500,-1.63200E-4
4.05000,-5.11607E-4
4.07500,-6.79221E-4
4.10000,-0.00103
4.12500,-0.00120
4.15000,-0.00138
4.17500,-0.00138
4.20000,-0.00138
4.22500,-0.00138
4.25000,-0.00121
4.27500,-0.00104
4.30000,-8.68772E-4
4.32500,-5.24785E-4
4.35000,-1.80799E-4
4.37500,1.63187E-4
4.40000,5.11587E-4
4.42500,6.79166E-4
4.45000,0.00103
4.47500,0.00120
4.50000,0.00137
4.52500,0.00155
4.55000,0.00155
4.57500,0.00155
4.60000,0.00138
4.62500,0.00121
4.65000,0.00104
4.67500,6.96834E-4
4.70000,3.52821E-4
4.72500,1.32104E-5
4.75000,-5.07214E-4
4.77500,-8.51228E-4
4.80000,-0.00120
4.82500,-0.00137
4.85000,-0.00172
4.87500,-0.00172
4.90000,-0.00172
4.92500,-0.00172
4.95000,-0.00155
4.97500,-0.00138
5.00000,-0.00121
5.02500,-8.68772E-4
5.05000,-5.24785E-4
5.07500,-1.80799E-4
5.10000,1.63187E-4
5.12500,5.02760E-4
5.15000,0.00102
5.17500,0.00137
5.20000,0.00154
5.22500,0.00172
5.25000,0.00189
5.27500,0.00189
5.30000,0.00190
5.32500,0.00172
5.35000,0.00156
5.37500,0.00121
5.40000,8.68841E-4
5.42500,5.29241E-4
5.45000,8.80675E-6
5.47500,-3.30810E-4
5.50000,-8.51228E-4
5.52500,-0.00120
5.55000,-0.00154
5.57500,-0.00171
5.60000,-0.00206
5.62500,-0.00206
5.65000,-0.00206
5.67500,-0.00207
5.70000,-0.00190
5.72500,-0.00156
5.75000,-0.00121
5.77500,-8.73157E-4
5.80000,-3.57188E-4
5.82500,1.63187E-4
5.85000,5.02760E-4
5.87500,0.00102
5.90000,0.00136
5.92500,0.00189
5.95000,0.00206
5.97500,0.00224
6.00000,0.00224
6.02500,0.00224
6.05000,0.00207
6.07500,0.00190
6.10000,0.00156
6.12500,0.00122
6.15000,7.01252E-4
6.17500,1.85221E-4
6.20000,-3.30810E-4
6.22500,-8.46841E-4
6.25000,-0.00137
6.27500,-0.00171
6.30000,-0.00206
6.32500,-0.00223
6.35000,-0.00241
6.37500,-0.00241
6.40000,-0.00224
6.42500,-0.00207
6.45000,-0.00173
6.47500,-0.00138
6.50000,-0.00105
6.52500,-5.29178E-4
6.55000,-1.76114E-5
6.57500,6.74750E-4
6.60000,0.00120
6.62500,0.00153
6.65000,0.00206
6.67500,0.00223
6.70000,0.00258
6.72500,0.00258
6.75000,0.00258
6.77500,0.00242
6.80000,0.00207
6.82500,0.00173
6.85000,0.00122
6.87500,7.01252E-4
6.90000,1.85221E-4
6.92500,-3.26413E-4
6.95000,-0.00102
6.97500,-0.00154
7.00000,-0.00188
7.02500,-0.00223
7.05000,-0.00258
7.07500,-0.00258
7.10000,-0.00258
7.12500,-0.00241
7.15000,-0.00224
7.17500,-0.00190
7.20000,-0.00156
7.22500,-0.00105
7.25000,-3.57188E-4
7.27500,1.58781E-4
7.30000,6.70334E-4
7.32500,0.00136
7.35000,0.00188
7.37500,0.00223
7.40000,0.00258
7.42500,0.00275
7.45000,0.00275
7.47500,0.00276
7.50000,0.00259
7.52500,0.00224
7.55000,0.00191
7.57500,0.00139
7.60000,7.01252E-4
7.62500,1.89628E-4
7.65000,-4.98427E-4
7.67500,-0.00119
7.70000,-0.00171
7.72500,-0.00223
7.75000,-0.00257
7.77500,-0.00292
7.80000,-0.00310
7.82500,-0.00310
7.85000,-0.00293
7.87500,-0.00259
7.90000,-0.00225
7.92500,-0.00174
7.95000,-0.00105
7.97500,-5.37962E-4
8.00000,3.26361E-4
8.02500,0.00102
8.05000,0.00153
8.07500,0.00222
8.10000,0.00274
8.12500,0.00309
8.15000,0.00326
8.17500,0.00344
8.20000,0.00327
8.22500,0.00310
8.25000,0.00277
8.27500,0.00225
8.30000,0.00156
8.32500,0.00105
8.35000,1.89628E-4
8.37500,-4.98427E-4
8.40000,-0.00119
8.42500,-0.00188
8.45000,-0.00239
8.47500,-0.00292
8.50000,-0.00326
8.52500,-0.00344
8.55000,-0.00344
8.57500,-0.00328
8.60000,-0.00293
8.62500,-0.00260
8.65000,-0.00191
8.67500,-0.00140
8.70000,-5.33570E-4
8.72500,1.49969E-4
8.75000,0.00101
8.77500,0.00170
8.80000,0.00239
8.82500,0.00292
8.85000,0.00326
8.87500,0.00361
8.90000,0.00361
8.92500,0.00362
8.95000,0.00328
8.97500,0.00294
9.00000,0.00243
9.02500,0.00174
9.05000,0.00105
9.07500,1.89628E-4
9.10000,-4.94033E-4
9.12500,-0.00136
9.15000,-0.00205
9.17500,-0.00274
9.20000,-0.00326
9.22500,-0.00361
9.25000,-0.00378
9.27500,-0.00379
9.30000,-0.00362
9.32500,-0.00328
9.35000,-0.00277
9.37500,-0.00208
9.40000,-0.00139
9.42500,-7.09945E-4
9.45000,1.49969E-4
9.47500,0.00101
9.50000,0.00187
9.52500,0.00256
9.55000,0.00326
9.57500,0.00360
9.60000,0.00396
9.62500,0.00396
9.65000,0.00396
9.67500,0.00363
9.70000,0.00311
9.72500,0.00260
9.75000,0.00191
9.77500,0.00105
9.80000,1.94035E-4
9.82500,-6.66051E-4
9.85000,-0.00153
9.87500,-0.00239
9.90000,-0.00308
9.92500,-0.00360
9.95000,-0.00395
9.97500,-0.00413
10.00000,-0.00413
10.02500,-0.00396
10.05000,-0.00363
10.07500,-0.00294
10.10000,-0.00225
10.12500,-0.00157
10.15000,-7.14333E-4
10.17500,3.21952E-4
10.20000,0.00118
10.22500,0.00205
10.25000,0.00273
10.27500,0.00343
10.30000,0.00395
10.32500,0.00430
10.35000,0.00430
10.37500,0.00414
10.40000,0.00380
10.42500,0.00328
10.45000,0.00277
10.47500,0.00191
10.50000,0.00105
10.52500,1.98443E-4
10.55000,-8.38068E-4
10.57500,-0.00170
10.60000,-0.00256
10.62500,-0.00325
10.65000,-0.00395
10.67500,-0.00430
10.70000,-0.00447
10.72500,-0.00448
10.75000,-0.00414
10.77500,-0.00380
10.80000,-0.00329
10.82500,-0.00243
10.85000,-0.00157
10.87500,-7.14333E-4
10.90000,3.17543E-4
10.92500,0.00135
10.95000,0.00221
10.97500,0.00308
11.00000,0.00377
11.02500,0.00429
11.05000,0.00464
11.07500,0.00465
11.10000,0.00448
11.12500,0.00414
11.15000,0.00363
11.17500,0.00295
11.20000,0.00209
11.22500,0.00123
11.25000,1.98443E-4
11.27500,-8.33681E-4
11.30000,-0.00187
11.32500,-0.00273
11.35000,-0.00360
11.37500,-0.00412
11.40000,-0.00464
11.42500,-0.00482
11.45000,-0.00482
11.47500,-0.00448
11.50000,-0.00397
11.52500,-0.00346
11.55000,-0.00260
11.57500,-0.00175
11.60000,-7.14333E-4
11.62500,3.17543E-4
11.65000,0.00135
11.67500,0.00239
11.70000,0.00325
11.72500,0.00411
11.75000,0.00464
11.77500,0.00499
11.80000,0.00499
11.82500,0.00482
11.85000,0.00449
11.87500,0.00398
11.90000,0.00312
11.92500,0.00226
11.95000,0.00123
11.97500,1.98443E-4
12.00000,-8.29294E-4
12.02500,-0.00204
12.05000,-0.00290
12.07500,-0.00377
12.10000,-0.00446
12.12500,-0.00498
12.15000,-0.00516
12.17500,-0.00517
12.20000,-0.00482
12.22500,-0.00449
12.25000,-0.00381
12.27500,-0.00295
12.30000,-0.00192
12.32500,-8.90698E-4
12.35000,3.13134E-4
12.37500,0.00152
12.40000,0.00256
12.42500,0.00342
12.45000,0.00428
12.47500,0.00498
12.50000,0.00533
12.52500,0.00534
12.55000,0.00517
12.57500,0.00483
12.60000,0.00432
12.62500,0.00347
12.65000,0.00243
12.67500,0.00141
12.70000,2.02851E-4
12.72500,-0.00100
12.75000,-0.00221
12.77500,-0.00325
12.80000,-0.00411
12.82500,-0.00480
12.85000,-0.00533
12.87500,-0.00550
12.90000,-0.00551
12.92500,-0.00517
12.95000,-0.00466
12.97500,-0.00398
13.00000,-0.00313
13.02500,-0.00192
13.05000,-8.90698E-4
13.07500,3.13134E-4
13.10000,0.00152
13.12500,0.00273
13.15000,0.00376
13.17500,0.00463
13.20000,0.00515
13.22500,0.00568
13.25000,0.00568
13.27500,0.00551
13.30000,0.00518
13.32500,0.00449
13.35000,0.00364
13.37500,0.00261
13.40000,0.00141
13.42500,2.02851E-4
13.45000,-0.00100
13.47500,-0.00221
13.50000,-0.00341
13.52500,-0.00445
13.55000,-0.00515
13.57500,-0.00567
13.60000,-0.00602
13.62500,-0.00603
13.65000,-0.00569
13.67500,-0.00518
13.70000,-0.00433
13.72500,-0.00329
13.75000,-0.00227
13.77500,-8.90698E-4
13.80000,3.08725E-4
13.82500,0.00169
13.85000,0.00290
13.87500,0.00393
13.90000,0.00497
13.92500,0.00549
13.95000,0.00602
13.97500,0.00620
14.00000,0.00603
14.02500,0.00552
14.05000,0.00484
14.07500,0.00398
14.10000,0.00296
14.12500,0.00158
14.15000,3.79286E-4
14.17500,-9.96934E-4
14.20000,-0.00238
14.22500,-0.00359
14.25000,-0.00462
14.27500,-0.00549
14.30000,-0.00619
14.32500,-0.00636
14.35000,-0.00637
14.37500,-0.00621
14.40000,-0.00552
14.42500,-0.00485
14.45000,-0.00364
14.47500,-0.00244
14.50000,-0.00107
14.52500,3.08725E-4
14.55000,0.00168
14.57500,0.00306
14.60000,0.00427
14.62500,0.00531
14.65000,0.00601
14.67500,0.00653
14.70000,0.00671
14.72500,0.00655
14.75000,0.00621
14.77500,0.00535
14.80000,0.00450
14.82500,0.00330
14.85000,0.00193
14.87500,3.79286E-4
14.90000,-9.92550E-4
14.92500,-0.00255
14.95000,-0.00375
14.97500,-0.00496
15.00000,-0.00600
15.02500,-0.00670
15.05000,-0.00705
15.07500,-0.00706
15.10000,-0.00673
15.12500,-0.00604
15.15000,-0.00519
15.17500,-0.00399
15.20000,-0.00279
15.22500,-0.00124
15.25000,3.04316E-4
15.27500,0.00186
15.30000,0.00323
15.32500,0.00462
15.35000,0.00565
15.37500,0.00652
15.40000,0.00705
15.42500,0.00723
15.45000,0.00707
15.47500,0.00655
15.50000,0.00588
15.52500,0.00485
15.55000,0.00348
15.57500,0.00211
15.60000,3.83698E-4
15.62500,-0.00116
15.65000,-0.00271
15.67500,-0.00427
15.70000,-0.00548
15.72500,-0.00652
15.75000,-0.00722
15.77500,-0.00757
15.80000,-0.00758
15.82500,-0.00724
15.85000,-0.00656
15.87500,-0.00553
15.90000,-0.00433
15.92500,-0.00296
15.95000,-0.00142
15.97500,2.99908E-4
16.00000,0.00202
16.02500,0.00358
16.05000,0.00496
16.07500,0.00600
16.10000,0.00686
16.12500,0.00756
16.15000,0.00774
16.17500,0.00758
16.20000,0.00707
16.22500,0.00622
16.25000,0.00502
16.27500,0.00365
16.30000,0.00211
16.32500,3.88110E-4
16.35000,-0.00134
16.37500,-0.00288
16.40000,-0.00444
16.42500,-0.00582
16.45000,-0.00686
16.47500,-0.00773
16.50000,-0.00808
16.52500,-0.00809
16.55000,-0.00776
16.57500,-0.00708
16.60000,-0.00605
16.62500,-0.00468
16.65000,-0.00314
16.67500,-0.00142
16.70000,2.99908E-4
16.72500,0.00202
16.75000,0.00375
16.77500,0.00512
16.80000,0.00651
16.82500,0.00738
16.85000,0.00808
16.87500,0.00826
16.90000,0.00810
16.92500,0.00759
16.95000,0.00674
16.97500,0.00554
17.00000,0.00400
17.02500,0.00246
17.05000,5.60144E-4
17.07500,-0.00116
17.10000,-0.00288
17.12500,-0.00461
17.15000,-0.00599
17.17500,-0.00720
17.20000,-0.00808
17.22500,-0.00843
17.25000,-0.00844
17.27500,-0.00810
17.30000,-0.00742
17.32500,-0.00640
17.35000,-0.00503
17.37500,-0.00331
17.40000,-0.00160
17.42500,2.99908E-4
17.45000,0.00202
17.47500,0.00392
17.50000,0.00547
17.52500,0.00668
17.55000,0.00772
17.57500,0.00842
17.60000,0.00860
17.62500,0.00844
17.65000,0.00793
17.67500,0.00708
17.70000,0.00589
17.72500,0.00434
17.75000,0.00263
17.77500,7.36597E-4
17.80000,-0.00116
17.82500,-0.00305
17.85000,-0.00478
17.87500,-0.00633
17.90000,-0.00755
17.92500,-0.00842
17.95000,-0.00894
17.97500,-0.00895
18.00000,-0.00862
18.02500,-0.00794
18.05000,-0.00674
18.07500,-0.00537
18.10000,-0.00366
18.12500,-0.00177
18.15000,1.19133E-4
18.17500,0.00219
18.20000,0.00391
18.22500,0.00564
18.25000,0.00702
18.27500,0.00824
18.30000,0.00894
18.32500,0.00912
18.35000,0.00896
18.37500,0.00846
18.40000,0.00743
18.42500,0.00623
18.45000,0.00469
18.47500,0.00280
18.50000,9.13058E-4
18.52500,-0.00116
18.55000,-0.00305
18.57500,-0.00495
18.60000,-0.00650
18.62500,-0.00789
18.65000,-0.00876
18.67500,-0.00929
18.70000,-0.00930
18.72500,-0.00896
18.75000,-0.00829
18.77500,-0.00709
18.80000,-0.00572
18.82500,-0.00383
18.85000,-0.00194
18.87500,1.23538E-4
18.90000,0.00201
18.92500,0.00408
18.95000,0.00581
18.97500,0.00719
19.00000,0.00841
19.02500,0.00911
19.05000,0.00946
19.07500,0.00930
19.10000,0.00880
19.12500,0.00777
19.15000,0.00658
19.17500,0.00487
19.20000,0.00298
19.22500,9.13058E-4
19.25000,-0.00115
19.27500,-0.00322
19.30000,-0.00512
19.32500,-0.00667
19.35000,-0.00806
19.37500,-0.00910
19.40000,-0.00963
19.42500,-0.00982
19.45000,-0.00930
19.47500,-0.00863
19.50000,-0.00743
19.52500,-0.00590
19.55000,-0.00401
19.57500,-0.00194
19.60000,1.19133E-4
19.62500,0.00218
19.65000,0.00425
19.67500,0.00615
19.70000,0.00771
19.72500,0.00893
19.75000,0.00962
19.77500,0.00998
19.80000,0.00982
19.82500,0.00932
19.85000,0.00829
19.87500,0.00693
19.90000,0.00521
19.92500,0.00315
19.95000,0.00109
19.97500,-0.00115
20.00000,-0.00339
20.02500,-0.00546
20.05000,-0.00719
20.07500,-0.00857
20.10000,-0.00962
20.12500,-0.01014
20.15000,-0.01033
20.17500,-0.01000
20.20000,-0.00915
20.22500,-0.00778
20.25000,-0.00624
20.27500,-0.00436
20.30000,-0.00212
20.32500,1.14729E-4
20.35000,0.00235
20.37500,0.00442
20.40000,0.00632
20.42500,0.00805
20.45000,0.00927
20.47500,0.01014
20.50000,0.01050
20.52500,0.01016
20.55000,0.00966
20.57500,0.00864
20.60000,0.00710
20.62500,0.00539
20.65000,0.00333
20.67500,0.00109
20.70000,-0.00132
20.72500,-0.00356
20.75000,-0.00563
20.77500,-0.00736
20.80000,-0.00892
20.82500,-0.00996
20.85000,-0.01066
20.87500,-0.01067
20.90000,-0.01034
20.92500,-0.00949
20.95000,-0.00813
20.97500,-0.00641
21.00000,-0.00453
21.02500,-0.00230
21.05000,1.14729E-4
21.07500,0.00235
21.10000,0.00459
21.12500,0.00667
21.15000,0.00822
21.17500,0.00944
21.20000,0.01031
21.22500,0.01084
21.25000,0.01068
21.27500,0.01000
21.30000,0.00899
21.32500,0.00745
21.35000,0.00556
21.37500,0.00350
21.40000,0.00109
21.42500,-0.00132
21.45000,-0.00356
21.47500,-0.00580
21.50000,-0.00770
21.52500,-0.00926
21.55000,-0.01030
21.57500,-0.01100
21.60000,-0.01119
21.62500,-0.01068
21.65000,-0.00984
21.67500,-0.00847
21.70000,-0.00676
21.72500,-0.00470
21.75000,-0.00229
21.77500,-6.16275E-5
21.80000,0.00235
21.82500,0.00476
21.85000,0.00683
21.87500,0.00856
21.90000,0.00995
21.92500,0.01083
21.95000,0.01118
21.97500,0.01103
22.00000,0.01035
22.02500,0.00933
22.05000,0.00779
22.07500,0.00573
22.10000,0.00367
22.12500,0.00127
22.15000,-0.00131
22.17500,-0.00373
22.20000,-0.00597
22.22500,-0.00787
22.25000,-0.00961
22.27500,-0.01065
22.30000,-0.01135
22.32500,-0.01154
22.35000,-0.01103
22.37500,-0.01018
22.40000,-0.00882
22.42500,-0.00693
22.45000,-0.00488
22.47500,-0.00247
22.50000,-6.60282E-5
22.52500,0.00252
22.55000,0.00493
22.57500,0.00700
22.60000,0.00891
22.62500,0.01012
22.65000,0.01100
22.67500,0.01118
22.70000,0.01102
22.72500,0.01052
22.75000,0.00950
22.77500,0.00797
22.80000,0.00591
22.82500,0.00367
22.85000,0.00127
22.87500,-0.00131
22.90000,-0.00372
22.92500,-0.00614
22.95000,-0.00822
22.97500,-0.00977
23.00000,-0.01099
23.02500,-0.01169
23.05000,-0.01188
23.07500,-0.01137
23.10000,-0.01053
23.12500,-0.00899
23.15000,-0.00728
23.17500,-0.00505
23.20000,-0.00265
23.22500,-6.60282E-5
23.25000,0.00252
23.27500,0.00493
23.30000,0.00718
23.32500,0.00891
23.35000,0.01029
23.37500,0.01134
23.40000,0.01170
23.42500,0.01171
23.45000,0.01122
23.47500,0.00985
23.50000,0.00831
23.52500,0.00626
23.55000,0.00385
23.57500,0.00127
23.60000,-0.00131
23.62500,-0.00390
23.65000,-0.00631
23.67500,-0.00856
23.70000,-0.01029
23.72500,-0.01151
23.75000,-0.01221
23.77500,-0.01222
23.80000,-0.01189
23.82500,-0.01087
23.85000,-0.00933
23.87500,-0.00745
23.90000,-0.00522
23.92500,-0.00265
23.95000,1.05920E-4
23.97500,0.00269
24.00000,0.00527
24.02500,0.00751
24.05000,0.00959
24.07500,0.01116
24.10000,0.01203
24.12500,0.01239
24.15000,0.01223
24.17500,0.01156
24.20000,0.01019
24.22500,0.00866
24.25000,0.00643
24.27500,0.00403
24.30000,0.00127
24.32500,-0.00131
24.35000,-0.00407
24.37500,-0.00648
24.40000,-0.00873
24.42500,-0.01063
24.45000,-0.01185
24.47500,-0.01255
24.50000,-0.01274
24.52500,-0.01223
24.55000,-0.01139
24.57500,-0.00968
24.60000,-0.00780
24.62500,-0.00540
24.65000,-0.00282
24.67500,-7.04287E-5
24.70000,0.00268
24.72500,0.00544
24.75000,0.00786
24.77500,0.00977
24.80000,0.01116
24.82500,0.01203
24.85000,0.01239
24.87500,0.01223
24.90000,0.01156
24.92500,0.01036
24.95000,0.00883
24.97500,0.00660
25.00000,0.00403
25.02500,0.00127
25.05000,-0.00148
25.07500,-0.00424
25.10000,-0.00682
25.12500,-0.00907
25.15000,-0.01080
25.17500,-0.01220
25.20000,-0.01290
25.22500,-0.01291
25.25000,-0.01258
25.27500,-0.01157
25.30000,-0.00985
25.32500,-0.00780
25.35000,-0.00540
25.37500,-0.00283
25.40000,1.01516E-4
25.42500,0.00285
25.45000,0.00561
25.47500,0.00804
25.50000,0.00976
25.52500,0.01132
25.55000,0.01237
25.57500,0.01290
25.60000,0.01292
25.62500,0.01225
25.65000,0.01089
25.67500,0.00900
25.70000,0.00678
25.72500,0.00420
25.75000,0.00145
25.77500,-0.00148
25.80000,-0.00423
25.82500,-0.00700
25.85000,-0.00924
25.87500,-0.01115
25.90000,-0.01254
25.92500,-0.01324
25.95000,-0.01343
25.97500,-0.01292
26.00000,-0.01191
26.02500,-0.01037
26.05000,-0.00832
26.07500,-0.00574
26.10000,-0.00300
26.12500,-7.48290E-5
26.15000,0.00285
26.17500,0.00561
26.20000,0.00820
26.22500,0.01028
26.25000,0.01184
26.27500,0.01289
26.30000,0.01325
26.32500,0.01310
26.35000,0.01224
26.37500,0.01106
26.40000,0.00917
26.42500,0.00712
26.45000,0.00438
26.47500,0.00145
26.50000,-0.00147
26.52500,-0.00441
26.55000,-0.00699
26.57500,-0.00941
26.60000,-0.01132
26.62500,-0.01271
26.65000,-0.01358
26.67500,-0.01377
26.70000,-0.01327
26.72500,-0.01208
26.75000,-0.01037
26.77500,-0.00832
26.80000,-0.00574
26.82500,-0.00300
26.85000,9.71126E-5
26.87500,0.00302
26.90000,0.00578
26.92500,0.00837
26.95000,0.01046
26.97500,0.01184
27.00000,0.01289
27.02500,0.01343
27.05000,0.01309
27.07500,0.01242
27.10000,0.01123
27.12500,0.00935
27.15000,0.00712
27.17500,0.00438
27.20000,0.00146
27.22500,-0.00165
27.25000,-0.00458
27.27500,-0.00734
27.30000,-0.00976
27.32500,-0.01166
27.35000,-0.01306
27.37500,-0.01376
27.40000,-0.01394
27.42500,-0.01344
27.45000,-0.01225
27.47500,-0.01054
27.50000,-0.00850
27.52500,-0.00574
27.55000,-0.00300
27.57500,9.71126E-5
27.60000,0.00302
27.62500,0.00595
27.65000,0.00855
27.67500,0.01062
27.70000,0.01218
27.72500,0.01323
27.75000,0.01376
27.77500,0.01361
27.80000,0.01294
27.82500,0.01157
27.85000,0.00970
27.87500,0.00730
27.90000,0.00455
27.92500,0.00163
27.95000,-0.00147
27.97500,-0.00458
28.00000,-0.00733
28.02500,-0.00993
28.05000,-0.01183
28.07500,-0.01324
28.10000,-0.01360
28.12500,-0.01288
28.15000,-0.01378
28.17500,-0.01277
28.20000,-0.01106
28.22500,-0.00884
28.25000,-0.00609
28.27500,-0.00317
28.30000,-7.92291E-5
28.32500,0.00302
28.35000,0.00595
28.37500,0.00871
28.40000,0.01097
28.42500,0.01253
28.45000,0.01357
28.47500,0.01411
28.50000,0.01378
28.52500,0.01293
28.55000,0.01175
28.57500,0.00987
28.60000,0.00747
28.62500,0.00455
28.65000,0.00163
28.67500,-0.00164
28.70000,-0.00475
28.72500,-0.00750
28.75000,-0.01010
28.77500,-0.01217
28.80000,-0.01374
28.82500,-0.01444
28.85000,-0.01463
28.87500,-0.01413
28.90000,-0.01294
28.92500,-0.01124
28.95000,-0.00884
28.97500,-0.00609
29.00000,-0.00318
29.02500,9.27090E-5
29.05000,0.00319
29.07500,0.00629
29.10000,0.00906
29.12500,0.01131
29.15000,0.01287
29.17500,0.01392
29.20000,0.01446
29.22500,0.01413
29.25000,0.01328
29.27500,0.01209
29.30000,0.01022
29.32500,0.00765
29.35000,0.00472
29.37500,0.00163
29.40000,-0.00164
29.42500,-0.00474
29.45000,-0.00767
29.47500,-0.01044
29.50000,-0.01252
29.52500,-0.01398
29.55000,-0.01204
29.57500,-0.01217
29.60000,-0.01395
29.62500,-0.01329
29.65000,-0.01158
29.67500,-0.00918
29.70000,-0.00644
29.72500,-0.00335
29.75000,-8.36290E-5
29.77500,0.00319
29.80000,0.00629
29.82500,0.00923
29.85000,0.01148
29.87500,0.01322
29.90000,0.01426
29.92500,0.01480
29.95000,0.01464
29.97500,0.01380
30.00000,0.01226
30.02500,0.01039
30.05000,0.00782
30.07500,0.00490
30.10000,0.00163
30.12500,-0.00164
30.15000,-0.00491
30.17500,-0.00784
30.20000,-0.01061
30.22500,-0.01269
30.25000,-0.01415
30.27500,-0.01216
30.30000,-0.01427
30.32500,-0.01464
30.35000,-0.01363
30.37500,-0.01175
30.40000,-0.00936
30.42500,-0.00644
30.45000,-0.00335
30.47500,-8.36290E-5
30.50000,0.00318
30.52500,0.00646
30.55000,0.00923
30.57500,0.01148
30.60000,0.01321
30.62500,0.01443
30.65000,0.01497
30.67500,0.01482
30.70000,0.01397
30.72500,0.01243
30.75000,0.01074
30.77500,0.00799
30.80000,0.00507
30.82500,0.00181
30.85000,-0.00164
30.87500,-0.00491
30.90000,-0.00802
30.92500,-0.01079
30.95000,-0.01286
30.97500,-0.01444
31.00000,-0.01461
31.02500,-0.01514
31.05000,-0.01482
31.07500,-0.01380
31.10000,-0.01210
31.12500,-0.00953
31.15000,-0.00661
31.17500,-0.00353
31.20000,-8.80288E-5
31.22500,0.00336
31.25000,0.00663
31.27500,0.00958
31.30000,0.01165
31.32500,0.01355
31.35000,0.01495
31.37500,0.01548
31.40000,0.01533
31.42500,0.01449
31.45000,0.01295
31.47500,0.01108
31.50000,0.00851
31.52500,0.00542
31.55000,0.00215
31.57500,-0.00129
31.60000,-0.00473
31.62500,-0.00802
31.65000,-0.01078
31.67500,-0.01304
31.70000,-0.01448
31.72500,-0.01307
31.75000,-0.01319
31.77500,-0.01533
31.80000,-0.01449
31.82500,-0.01262
31.85000,-0.01005
31.87500,-0.00713
31.90000,-0.00387
31.92500,-4.36284E-4
31.95000,0.00318
31.97500,0.00645
32.00000,0.00957
32.02500,0.01199
32.05000,0.01372
32.07500,0.01512
32.10000,0.01583
32.12500,0.01568
32.15000,0.01483
32.17500,0.01330
32.20000,0.01143
32.22500,0.00868
32.25000,0.00559
32.27500,0.00216
32.30000,-0.00146
32.32500,-0.00491
32.35000,-0.00818
32.37500,-0.01113
32.40000,-0.01344
32.42500,-0.01237
32.45000,-0.01306
32.47500,-0.01343
32.50000,-0.01286
32.52500,-0.01449
32.55000,-0.01279
32.57500,-0.01040
32.60000,-0.00731
32.62500,-0.00387
32.65000,-4.36284E-4
32.67500,0.00318
32.70000,0.00663
32.72500,0.00974
32.75000,0.01216
32.77500,0.01406
32.80000,0.01564
32.82500,0.01617
32.85000,0.01602
32.87500,0.01518
32.90000,0.01364
32.92500,0.01160
32.95000,0.00886
32.97500,0.00559
33.00000,0.00216
33.02500,-0.00163
33.05000,-0.00507
33.07500,-0.00853
33.10000,-0.01147
33.12500,-0.01396
33.15000,-0.01288
33.17500,-0.01358
33.20000,-0.01377
33.22500,-0.01320
33.25000,-0.01501
33.27500,-0.01313
33.30000,-0.01057
33.32500,-0.00748
33.35000,-0.00405
33.37500,-2.64356E-4
33.40000,0.00335
33.42500,0.00697
33.45000,0.01008
33.47500,0.01268
33.50000,0.01458
33.52500,0.01598
33.55000,0.01669
33.57500,0.01654
33.60000,0.01570
33.62500,0.01399
33.65000,0.01177
33.67500,0.00921
33.70000,0.00577
33.72500,0.00233
33.75000,-0.00146
33.77500,-0.00507
33.80000,-0.00852
33.82500,-0.01164
33.85000,-0.01413
33.87500,-0.01288
33.90000,-0.01393
33.92500,-0.01412
33.95000,-0.01355
33.97500,-0.01535
34.00000,-0.01348
34.02500,-0.01092
34.05000,-0.00765
34.07500,-0.00422
34.10000,-4.40677E-4
34.12500,0.00335
34.15000,0.00697
34.17500,0.01008
34.20000,0.01267
34.22500,0.01475
34.25000,0.01633
34.27500,0.01686
34.30000,0.01688
34.32500,0.01587
34.35000,0.01416
34.37500,0.01194
34.40000,0.00920
34.42500,0.00594
34.45000,0.00233
34.47500,-0.00145
34.50000,-0.00525
34.52500,-0.00870
34.55000,-0.01181
34.57500,-0.01430
34.60000,-0.01305
34.62500,-0.01410
34.65000,-0.01429
34.67500,-0.01379
34.70000,-0.01254
34.72500,-0.01348
34.75000,-0.01074
34.77500,-0.00766
34.80000,-0.00405
34.82500,-2.73148E-4
34.85000,0.00369
34.87500,0.00731
34.90000,0.01042
34.92500,0.01302
34.95000,0.01510
34.97500,0.01649
35.00000,0.01720
35.02500,0.01706
35.05000,0.01604
35.07500,0.01434
35.10000,0.01211
35.12500,0.00938
35.15000,0.00595
35.17500,0.00216
35.20000,-0.00162
35.22500,-0.00541
35.25000,-0.00904
35.27500,-0.01216
35.30000,-0.01430
35.32500,-0.01339
35.35000,-0.01444
35.37500,-0.01480
35.40000,-0.01431
35.42500,-0.01288
35.45000,-0.01383
35.47500,-0.01109
35.50000,-0.00783
35.52500,-0.00423
35.55000,-2.73148E-4
35.57500,0.00369
35.60000,0.00731
35.62500,0.01059
35.65000,0.01336
35.67500,0.01544
35.70000,0.01701
35.72500,0.01773
35.75000,0.01740
35.77500,0.01656
35.80000,0.01469
35.82500,0.01229
35.85000,0.00956
35.87500,0.00595
35.90000,0.00217
35.92500,-0.00180
35.95000,-0.00559
35.97500,-0.00921
36.00000,-0.01250
36.02500,-0.01499
36.05000,-0.01391
36.07500,-0.01496
36.10000,-0.01532
36.12500,-0.01465
36.15000,-0.01322
36.17500,-0.01417
36.20000,-0.01144
36.22500,-0.00801
36.25000,-0.00423
36.27500,-2.73148E-4
36.30000,0.00369
36.32500,0.00748
36.35000,0.01076
36.37500,0.01353
36.40000,0.01579
36.42500,0.01721
36.45000,0.01666
36.47500,0.01757
36.50000,0.01673
36.52500,0.01503
36.55000,0.01264
36.57500,0.00973
36.60000,0.00612
36.62500,0.00217
36.65000,-0.00179
36.67500,-0.00576
36.70000,-0.00938
36.72500,-0.01267
36.75000,-0.01516
36.77500,-0.01425
36.80000,-0.01530
36.82500,-0.01549
36.85000,-0.01500
36.87500,-0.01339
36.90000,-0.01452
36.92500,-0.01161
36.95000,-0.00818
36.97500,-0.00423
37.00000,-2.77544E-4
37.02500,0.00386
37.05000,0.00765
37.07500,0.01093
37.10000,0.01387
37.12500,0.01613
37.15000,0.01770
37.17500,0.01841
37.20000,0.01826
37.22500,0.01725
37.25000,0.01538
37.27500,0.01281
37.30000,0.00990
37.32500,0.00630
37.35000,0.00234
37.37500,-0.00179
37.40000,-0.00593
37.42500,-0.00972
37.45000,-0.01308
37.47500,-0.01269
37.50000,-0.01442
37.52500,-0.01565
37.55000,-0.01584
37.57500,-0.01534
37.60000,-0.01392
37.62500,-0.01469
37.65000,-0.01178
37.67500,-0.00835
37.70000,-0.00440
37.72500,-2.77544E-4
37.75000,0.00385
37.77500,0.00782
37.80000,0.01128
37.82500,0.01404
37.85000,0.01647
37.87500,0.01809
37.90000,0.01703
37.92500,0.01687
37.95000,0.01619
37.97500,0.01555
38.00000,0.01298
38.02500,0.01008
38.05000,0.00630
38.07500,0.00234
38.10000,-0.00179
38.12500,-0.00593
38.15000,-0.00972
38.17500,-0.01308
38.20000,-0.01268
38.22500,-0.01460
38.25000,-0.01564
38.27500,-0.01601
38.30000,-0.01534
38.32500,-0.01375
38.35000,-0.01434
38.37500,-0.01178
38.40000,-0.00818
38.42500,-0.00423
38.45000,-1.05626E-4
38.47500,0.00402
38.50000,0.00800
38.52500,0.01127
38.55000,0.01424
38.57500,0.01545
38.60000,0.01667
38.62500,0.01716
38.65000,0.01878
38.67500,0.01760
38.70000,0.01572
38.72500,0.01333
38.75000,0.01025
38.77500,0.00647
38.80000,0.00234
38.82500,-0.00179
38.85000,-0.00592
38.87500,-0.00990
38.90000,-0.01325
38.92500,-0.01285
38.95000,-0.01494
38.97500,-0.01599
39.00000,-0.01636
39.02500,-0.01569
39.05000,-0.01415
39.07500,-0.01204
39.10000,-0.01213
39.12500,-0.00853
39.15000,-0.00440
39.17500,-2.81939E-4
39.20000,0.00402
39.22500,0.00799
39.25000,0.01145
39.27500,0.01438
39.30000,0.01685
39.32500,0.01719
39.35000,0.01754
39.37500,0.01753
39.40000,0.01794
39.42500,0.01607
39.45000,0.01333
39.47500,0.01024
39.50000,0.00664
39.52500,0.00252
39.55000,-0.00179
39.57500,-0.00592
39.60000,-0.00989
39.62500,-0.01342
39.65000,-0.01303
39.67500,-0.01494
39.70000,-0.01616
39.72500,-0.01635
39.75000,-0.01586
39.77500,-0.01426
39.80000,-0.01503
39.82500,-0.01213
39.85000,-0.00853
39.87500,-0.00440
39.90000,-2.81939E-4
39.92500,0.00402
39.95000,0.00816
39.97500,0.01162
40.00000,0.01438
40.02500,0.01702
40.05000,0.01719
40.07500,0.01755
40.10000,0.01736
40.12500,0.01794
40.15000,0.01607
40.17500,0.01332
40.20000,0.01043
40.22500,0.00647
40.25000,0.00235
40.27500,-0.00196
40.30000,-0.00609
40.32500,-0.01006
40.35000,-0.01360
40.37500,-0.01319
40.40000,-0.01528
40.42500,-0.01634
40.45000,-0.01652
40.47500,-0.01603
40.50000,-0.01444
40.52500,-0.01468
40.55000,-0.01213
40.57500,-0.00853
40.60000,-0.00441
40.62500,-1.10025E-4
40.65000,0.00420
40.67500,0.00816
40.70000,0.01161
40.72500,0.01473
40.75000,0.01720
40.77500,0.01736
40.80000,0.01785
40.82500,0.01929
40.85000,0.01829
40.87500,0.01624
40.90000,0.01367
40.92500,0.01060
40.95000,0.00664
40.97500,0.00252
41.00000,-0.00196
41.02500,-0.00609
41.05000,-0.01024
41.07500,-0.01377
41.10000,-0.01337
41.12500,-0.01545
41.15000,-0.01668
41.17500,-0.01704
41.20000,-0.01638
41.22500,-0.01484
41.25000,-0.01273
41.27500,-0.01265
41.30000,-0.00887
41.32500,-0.00476
41.35000,-2.81939E-4
41.37500,0.00402
41.40000,0.00834
41.42500,0.01178
41.45000,0.01489
41.47500,0.01750
41.50000,0.01911
41.52500,0.01858
41.55000,0.01840
41.57500,0.01863
41.60000,0.01659
41.62500,0.01385
41.65000,0.01059
41.67500,0.00682
41.70000,0.00252
41.72500,-0.00195
41.75000,-0.00626
41.77500,-0.01041
41.80000,-0.01394
41.82500,-0.01371
41.85000,-0.01580
41.87500,-0.01702
41.90000,-0.01722
41.92500,-0.01655
41.95000,-0.01495
41.97500,-0.01555
42.00000,-0.01265
42.02500,-0.00888
42.05000,-0.00458
42.07500,-1.10025E-4
42.10000,0.00419
42.12500,0.00850
42.15000,0.01213
42.17500,0.01524
42.20000,0.01789
42.22500,0.01770
42.25000,0.01841
42.27500,0.01807
42.30000,0.01774
42.32500,0.01676
42.35000,0.01384
42.37500,0.01077
42.40000,0.00682
42.42500,0.00252
42.45000,-0.00195
42.47500,-0.00644
42.50000,-0.01040
42.52500,-0.01411
42.55000,-0.01388
42.57500,-0.01597
42.60000,-0.01719
42.62500,-0.01756
42.65000,-0.01689
42.67500,-0.01536
42.70000,-0.01308
42.72500,-0.01300
42.75000,-0.00905
42.77500,-0.00476
42.80000,-2.86334E-4
42.82500,0.00419
42.85000,0.00850
42.87500,0.01212
42.90000,0.01544
42.92500,0.01683
42.95000,0.01786
42.97500,0.01876
43.00000,0.01843
43.02500,0.01756
43.05000,0.01711
43.07500,0.01419
43.10000,0.01094
43.12500,0.00700
43.15000,0.00252
43.17500,-0.00195
43.20000,-0.00643
43.22500,-0.01058
43.25000,-0.01410
43.27500,-0.01423
43.30000,-0.01631
43.32500,-0.01754
43.35000,-0.01790
43.37500,-0.01724
43.40000,-0.01549
43.42500,-0.01519
43.45000,-0.01299
43.47500,-0.00923
43.50000,-0.00476
43.52500,-2.90729E-4
43.55000,0.00436
43.57500,0.00868
43.60000,0.01230
43.62500,0.01559
43.65000,0.01806
43.67500,0.01804
43.70000,0.01875
43.72500,0.01861
43.75000,0.01738
43.77500,0.01711
43.80000,0.01420
43.82500,0.01077
43.85000,0.00700
43.87500,0.00253
43.90000,-0.00212
43.92500,-0.00661
43.95000,-0.01075
43.97500,-0.01445
44.00000,-0.01440
44.02500,-0.01648
44.05000,-0.01771
44.07500,-0.01808
44.10000,-0.01724
44.12500,-0.01571
44.15000,-0.01325
44.17500,-0.01299
44.20000,-0.00923
44.22500,-0.00476
44.25000,-2.90729E-4
44.27500,0.00436
44.30000,0.00885
44.32500,0.01247
44.35000,0.01575
44.37500,0.01840
44.40000,0.01838
44.42500,0.01910
44.45000,0.01894
44.47500,0.01808
44.50000,0.01746
44.52500,0.01437
44.55000,0.01111
44.57500,0.00717
44.60000,0.00270
44.62500,-0.00195
44.65000,-0.00643
44.67500,-0.01076
44.70000,-0.01392
44.72500,-0.01439
44.75000,-0.01666
44.77500,-0.01788
44.80000,-0.01825
44.82500,-0.01758
44.85000,-0.01605
44.87500,-0.01360
44.90000,-0.01334
44.92500,-0.00939
44.95000,-0.00510
44.97500,-4.62637E-4
45.00000,0.00418
45.02500,0.00867
45.05000,0.01247
45.07500,0.01575
45.10000,0.01840
45.12500,0.01838
45.15000,0.01910
45.17500,0.01895
45.20000,0.01773
45.22500,0.01745
45.25000,0.01454
45.27500,0.01111
45.30000,0.00717
45.32500,0.00270
45.35000,-0.00195
45.37500,-0.00660
45.40000,-0.01093
45.42500,-0.01427
45.45000,-0.01457
45.47500,-0.01683
45.50000,-0.01805
45.52500,-0.01842
45.55000,-0.01776
45.57500,-0.01606
45.60000,-0.01342
45.62500,-0.01334
45.65000,-0.00940
45.67500,-0.00493
45.70000,-2.90729E-4
45.72500,0.00436
45.75000,0.00884
45.77500,0.01282
45.80000,0.01592
45.82500,0.01870
45.85000,0.02044
45.87500,0.02134
45.90000,0.02102
45.92500,0.01984
45.95000,0.01762
45.97500,0.01489
46.00000,0.01147
46.02500,0.00717
46.05000,0.00270
46.07500,-0.00212
46.10000,-0.00677
46.12500,-0.01116
46.15000,-0.01180
46.17500,-0.01474
46.20000,-0.01700
46.22500,-0.01822
46.25000,-0.01859
46.27500,-0.01793
46.30000,-0.01623
46.32500,-0.01377
46.35000,-0.01351
46.37500,-0.00957
46.40000,-0.00511
46.42500,-2.90729E-4
46.45000,0.00435
46.47500,0.00902
46.50000,0.01281
46.52500,0.01609
46.55000,0.01892
46.57500,0.01908
46.60000,0.01961
46.62500,0.01946
46.65000,0.01860
46.67500,0.01797
46.70000,0.01489
46.72500,0.01146
46.75000,0.00735
46.77500,0.00270
46.80000,-0.00195
46.82500,-0.00660
46.85000,-0.01116
46.87500,-0.01180
46.90000,-0.01474
46.92500,-0.01700
46.95000,-0.01840
46.97500,-0.01859
47.00000,-0.01792
47.02500,-0.01640
47.05000,-0.01376
47.07500,-0.01369
47.10000,-0.00957
47.12500,-0.00511
47.15000,-2.90729E-4
47.17500,0.00436
47.20000,0.00884
47.22500,0.01263
47.25000,0.01613
47.27500,0.01733
47.30000,0.01890
47.32500,0.01961
47.35000,0.01947
47.37500,0.01828
47.40000,0.01638
47.42500,0.01489
47.45000,0.01129
47.47500,0.00735
47.50000,0.00270
47.52500,-0.00194
47.55000,-0.00677
47.57500,-0.01116
47.60000,-0.01197
47.62500,-0.01491
47.65000,-0.01717
47.67500,-0.01857
47.70000,-0.01894
47.72500,-0.01810
47.75000,-0.01657
47.77500,-0.01394
47.80000,-0.01368
47.82500,-0.00975
47.85000,-0.00510
47.87500,-4.67028E-4
47.90000,0.00435
47.92500,0.00902
47.95000,0.01281
47.97500,0.01630
48.00000,0.01768
48.02500,0.01890
48.05000,0.01978
48.07500,0.01965
48.10000,0.01824
48.12500,0.01815
48.15000,0.01505
48.17500,0.01181
48.20000,0.00752
48.22500,0.00288
48.25000,-0.00194
48.27500,-0.00677
48.30000,-0.01110
48.32500,-0.01426
48.35000,-0.01508
48.37500,-0.01734
48.40000,-0.01874
48.42500,-0.01911
48.45000,-0.01844
48.47500,-0.01674
48.50000,-0.01428
48.52500,-0.01403
48.55000,-0.00992
48.57500,-0.00528
48.60000,-4.67028E-4
48.62500,0.00435
48.65000,0.00902
48.67500,0.01281
48.70000,0.01626
48.72500,0.01909
48.75000,0.01924
48.77500,0.02013
48.80000,0.01981
48.82500,0.01879
48.85000,0.01725
48.87500,0.01541
48.90000,0.01181
48.92500,0.00769
48.95000,0.00305
48.97500,-0.00194
49.00000,-0.00677
49.02500,-0.01133
49.05000,-0.01214
49.07500,-0.01525
49.10000,-0.01751
49.12500,-0.01891
49.15000,-0.01928
49.17500,-0.01862
49.20000,-0.01692
49.22500,-0.01428
49.25000,-0.01403
49.27500,-0.00992
49.30000,-0.00528
49.32500,-4.71419E-4
49.35000,0.00452
49.37500,0.00918
49.40000,0.01315
49.42500,0.01661
49.45000,0.01943
49.47500,0.01959
49.50000,0.02031
49.52500,0.01999
49.55000,0.01879
49.57500,0.01725
49.60000,0.01541
49.62500,0.01164
49.65000,0.00752
49.67500,0.00270
49.70000,-0.00211
49.72500,-0.00694
49.75000,-0.01150
49.77500,-0.01249
49.80000,-0.01543
49.82500,-0.01768
49.85000,-0.01908
49.87500,-0.01946
49.90000,-0.01862
49.92500,-0.01692
49.95000,-0.01429
49.97500,-0.01385
50.00000,-0.00992
50.02500,-0.00528
50.05000,-2.95124E-4
50.07500,0.00452
50.10000,0.00936
50.12500,0.01315
50.15000,0.01683
50.17500,0.01784
50.20000,0.01958
50.22500,0.02048
50.25000,0.02016
50.27500,0.01893
50.30000,0.01849
50.32500,0.01558
50.35000,0.01198
50.37500,0.00770
50.40000,0.00288
50.42500,-0.00194
50.45000,-0.00676
50.47500,-0.01150
50.50000,-0.01231
50.52500,-0.01542
50.55000,-0.01786
50.57500,-0.01926
50.60000,-0.01962
50.62500,-0.01896
50.65000,-0.01726
50.67500,-0.01463
50.70000,-0.01437
50.72500,-0.01027
50.75000,-0.00546
50.77500,-4.67028E-4
50.80000,0.00435
50.82500,0.00918
50.85000,0.01315
50.87500,0.01683
50.90000,0.01784
50.92500,0.01976
50.95000,0.02064
50.97500,0.02051
51.00000,0.01915
51.02500,0.01707
51.05000,0.01576
51.07500,0.01198
51.10000,0.00770
51.12500,0.00288
51.15000,-0.00211
51.17500,-0.00694
51.20000,-0.01168
51.22500,-0.01248
51.25000,-0.01577
51.27500,-0.01803
51.30000,-0.01943
51.32500,-0.01980
51.35000,-0.01913
51.37500,-0.01744
51.40000,-0.01463
51.42500,-0.01438
51.45000,-0.01009
51.47500,-0.00546
51.50000,-4.71419E-4
51.52500,0.00452
51.55000,0.00935
51.57500,0.01332
51.60000,0.01699
51.62500,0.01819
51.65000,0.01976
51.67500,0.02064
51.70000,0.02051
51.72500,0.01914
51.75000,0.01725
51.77500,0.01558
51.80000,0.01198
51.82500,0.00770
51.85000,0.00288
51.87500,-0.00211
51.90000,-0.00711
51.92500,-0.01184
51.95000,-0.01283
51.97500,-0.01577
52.00000,-0.01820
52.02500,-0.01960
52.05000,-0.01997
52.07500,-0.01913
52.10000,-0.01744
52.12500,-0.01463
52.15000,-0.01420
52.17500,-0.01009
52.20000,-0.00546
52.22500,-2.99519E-4
52.25000,0.00469
52.27500,0.00953
52.30000,0.01349
52.32500,0.01717
52.35000,0.01836
52.37500,0.02010
52.40000,0.02099
52.42500,0.02067
52.45000,0.01949
52.47500,0.01741
52.50000,0.01593
52.52500,0.01216
52.55000,0.00787
52.57500,0.00288
52.60000,-0.00211
52.62500,-0.00711
52.65000,-0.01184
52.67500,-0.01300
52.70000,-0.01611
52.72500,-0.01837
52.75000,-0.01995
52.77500,-0.02014
52.80000,-0.01948
52.82500,-0.01778
52.85000,-0.01498
52.87500,-0.01437
52.90000,-0.01027
52.92500,-0.00546
52.95000,-4.75811E-4
52.97500,0.00469
53.00000,0.00953
53.02500,0.01349
53.05000,0.01734
53.07500,0.01835
53.10000,0.02027
53.12500,0.02116
53.15000,0.02102
53.17500,0.01984
53.20000,0.01776
53.22500,0.01610
53.25000,0.01233
53.27500,0.00787
53.30000,0.00306
53.32500,-0.00211
53.35000,-0.00710
53.37500,-0.01202
53.40000,-0.01282
53.42500,-0.01611
53.45000,-0.01854
53.47500,-0.01994
53.50000,-0.02032
53.52500,-0.01948
53.55000,-0.01778
53.57500,-0.01498
53.60000,-0.01437
53.62500,-0.01027
53.65000,-0.00546
53.67500,-3.03914E-4
53.70000,0.00486
53.72500,0.00969
53.75000,0.01383
53.77500,0.01751
53.80000,0.01870
53.82500,0.02044
53.85000,0.02134
53.87500,0.02102
53.90000,0.01983
53.92500,0.01812
53.95000,0.01610
53.97500,0.01233
54.00000,0.00787
54.02500,0.00289
54.05000,-0.00228
54.07500,-0.00728
54.10000,-0.01201
54.12500,-0.01317
54.15000,-0.01628
54.17500,-0.01871
54.20000,-0.02029
54.22500,-0.02066
54.25000,-0.01982
54.27500,-0.01795
54.30000,-0.01515
54.32500,-0.01472
54.35000,-0.01044
54.37500,-0.00546
54.40000,-3.03914E-4
54.42500,0.00486
54.45000,0.00969
54.47500,0.01383
54.50000,0.01769
54.52500,0.01870
54.55000,0.02062
54.57500,0.02150
54.60000,0.02137
54.62500,0.02000
54.65000,0.01811
54.67500,0.01628
54.70000,0.01233
54.72500,0.00787
54.75000,0.00289
54.77500,-0.00228
54.80000,-0.00745
54.82500,-0.01235
54.85000,-0.01351
54.87500,-0.01663
54.90000,-0.01906
54.92500,-0.02046
54.95000,-0.02083
54.97500,-0.02000
55.00000,-0.01812
55.02500,-0.01533
55.05000,-0.01455
55.07500,-0.01027
55.10000,-0.00547
55.12500,-1.32017E-4
55.15000,0.00503
55.17500,0.00987
55.20000,0.01404
55.22500,0.01645
55.25000,0.01887
55.27500,0.02079
55.30000,0.02168
55.32500,0.02137
55.35000,0.02001
55.37500,0.01776
55.40000,0.01628
55.42500,0.01233
55.45000,0.00788
55.47500,0.00271
55.50000,-0.00245
55.52500,-0.00745
55.55000,-0.01236
55.57500,-0.01334
55.60000,-0.01663
55.62500,-0.01906
55.65000,-0.02046
55.67500,-0.02083
55.70000,-0.02000
55.72500,-0.01812
55.75000,-0.01533
55.77500,-0.01455
55.80000,-0.01027
55.82500,-0.00547
55.85000,-1.32017E-4
55.87500,0.00503
55.90000,0.01004
55.92500,0.01400
55.95000,0.01803
55.97500,0.01904
56.00000,0.02096
56.02500,0.02185
56.05000,0.02154
56.07500,0.02019
56.10000,0.01794
56.12500,0.01627
56.15000,0.01251
56.17500,0.00787
56.20000,0.00289
56.22500,-0.00228
56.25000,-0.00745
56.27500,-0.01236
56.30000,-0.01334
56.32500,-0.01662
56.35000,-0.01923
56.37500,-0.02063
56.40000,-0.02100
56.42500,-0.02017
56.45000,-0.01830
56.47500,-0.01550
56.50000,-0.01472
56.52500,-0.01044
56.55000,-0.00546
56.57500,-3.08308E-4
56.60000,0.00503
56.62500,0.01004
56.65000,0.01421
56.67500,0.01661
56.70000,0.01921
56.72500,0.02113
56.75000,0.02203
56.77500,0.02171
56.80000,0.02036
56.82500,0.01793
56.85000,0.01645
56.87500,0.01250
56.90000,0.00805
56.92500,0.00289
56.95000,-0.00245
56.97500,-0.00762
57.00000,-0.01253
57.02500,-0.01351
57.05000,-0.01680
57.07500,-0.01923
57.10000,-0.02063
57.12500,-0.02100
57.15000,-0.02017
57.17500,-0.01830
57.20000,-0.01533
57.22500,-0.01437
57.25000,-0.01044
57.27500,-0.00546
57.30000,-3.08308E-4
57.32500,0.00503
57.35000,0.00986
57.37500,0.01418
57.40000,0.01785
57.42500,0.01903
57.45000,0.02114
57.47500,0.02185
57.50000,0.02171
57.52500,0.02036
57.55000,0.01793
57.57500,0.01645
57.60000,0.01233
57.62500,0.00805
57.65000,0.00289
57.67500,-0.00245
57.70000,-0.00762
57.72500,-0.01253
57.75000,-0.01351
57.77500,-0.01679
57.80000,-0.01940
57.82500,-0.02080
57.85000,-0.02118
57.87500,-0.02034
57.90000,-0.01847
57.92500,-0.01552
57.95000,-0.01384
57.97500,-0.01044
58.00000,-0.00547
58.02500,-1.32017E-4
58.05000,0.00503
58.07500,0.01004
58.10000,0.01417
58.12500,0.01820
58.15000,0.01938
58.17500,0.02130
58.20000,0.02220
58.22500,0.02188
58.25000,0.02053
58.27500,0.01828
58.30000,0.01662
58.32500,0.01268
58.35000,0.00822
58.37500,0.00306
58.40000,-0.00228
58.42500,-0.00744
58.45000,-0.01253
58.47500,-0.01351
58.50000,-0.01697
58.52500,-0.01940
58.55000,-0.02098
58.57500,-0.02135
58.60000,-0.02051
58.62500,-0.01864
58.65000,-0.01567
58.67500,-0.01507
58.70000,-0.01079
58.72500,-0.00563
58.75000,-4.80201E-4
58.77500,0.00486
58.80000,0.00986
58.82500,0.01421
58.85000,0.01679
58.87500,0.01921
58.90000,0.02113
58.92500,0.02220
58.95000,0.02188
58.97500,0.02053
59.00000,0.01828
59.02500,0.01663
59.05000,0.01250
59.07500,0.00822
59.10000,0.00306
59.12500,-0.00228
59.15000,-0.00744
59.17500,-0.01253
59.20000,-0.01351
59.22500,-0.01697
59.25000,-0.01940
59.27500,-0.02080
59.30000,-0.02118
59.32500,-0.02034
59.35000,-0.01847
59.37500,-0.01574
59.40000,-0.01208
59.42500,-0.01061
59.45000,-0.00564
59.47500,-3.08308E-4
59.50000,0.00503
59.52500,0.01004
59.55000,0.01417
59.57500,0.01820
59.60000,0.01921
59.62500,0.02130
59.65000,0.02219
59.67500,0.02205
59.70000,0.02069
59.72500,0.01881
59.75000,0.01679
59.77500,0.01285
59.80000,0.00822
59.82500,0.00306
59.85000,-0.00228
59.87500,-0.00745
59.90000,-0.01235
59.92500,-0.01351
59.95000,-0.01697
59.97500,-0.01940
60.00000,-0.02098
60.02500,-0.02134
60.05000,-0.02068
60.07500,-0.01882
60.10000,-0.01584
60.12500,-0.01507
60.15000,-0.01079
60.17500,-0.00581
60.20000,-4.80201E-4
60.22500,0.00486
60.25000,0.00986
60.27500,0.01422
60.30000,0.01643
60.32500,0.01938
60.35000,0.02130
60.37500,0.02237
60.40000,0.02205
60.42500,0.02071
60.45000,0.01827
60.47500,0.01680
60.50000,0.01268
60.52500,0.00822
60.55000,0.00306
60.57500,-0.00228
60.60000,-0.00744
60.62500,-0.01253
60.65000,-0.01368
60.67500,-0.01697
60.70000,-0.01957
60.72500,-0.02115
60.75000,-0.02135
60.77500,-0.02051
60.80000,-0.01864
60.82500,-0.01584
60.85000,-0.01507
60.87500,-0.01061
60.90000,-0.00564
60.92500,-3.08308E-4
60.95000,0.00503
60.97500,0.01003
61.00000,0.01435
61.02500,0.01802
61.05000,0.01938
61.07500,0.02130
61.10000,0.02237
61.12500,0.02205
61.15000,0.02071
61.17500,0.01827
61.20000,0.01680
61.22500,0.01268
61.25000,0.00822
61.27500,0.00306
61.30000,-0.00227
61.32500,-0.00762
61.35000,-0.01253
61.37500,-0.01368
61.40000,-0.01697
61.42500,-0.01958
61.45000,-0.02098
61.47500,-0.02135
61.50000,-0.02051
61.52500,-0.01864
61.55000,-0.01573
61.57500,-0.01243
61.60000,-0.01079
61.62500,-0.00564
61.65000,-3.08308E-4
61.67500,0.00503
61.70000,0.01003
61.72500,0.01438
61.75000,0.01678
61.77500,0.01938
61.80000,0.02148
61.82500,0.02237
61.85000,0.02205
61.87500,0.02070
61.90000,0.01845
61.92500,0.01679
61.95000,0.01285
61.97500,0.00840
62.00000,0.00306
62.02500,-0.00228
62.05000,-0.00744
62.07500,-0.01253
62.10000,-0.01368
62.12500,-0.01714
62.15000,-0.01957
62.17500,-0.02115
62.20000,-0.02152
62.22500,-0.02068
62.25000,-0.01881
62.27500,-0.01602
62.30000,-0.01524
62.32500,-0.01079
62.35000,-0.00581
62.37500,-4.80201E-4
62.40000,0.00486
62.42500,0.00986
62.45000,0.01421
62.47500,0.01661
62.50000,0.01938
62.52500,0.02148
62.55000,0.02236
62.57500,0.02223
62.60000,0.02088
62.62500,0.01845
62.65000,0.01697
62.67500,0.01285
62.70000,0.00822
62.72500,0.00306
62.75000,-0.00227
62.77500,-0.00762
62.80000,-0.01270
62.82500,-0.01385
62.85000,-0.01714
62.87500,-0.01975
62.90000,-0.02115
62.92500,-0.02152
62.95000,-0.02068
62.97500,-0.01882
63.00000,-0.01585
63.02500,-0.01471
63.05000,-0.01079
63.07500,-0.00564
63.10000,-3.08308E-4
63.12500,0.00502
63.15000,0.01021
63.17500,0.01434
63.20000,0.01837
63.22500,0.01955
63.25000,0.02165
63.27500,0.02254
63.30000,0.02223
63.32500,0.02087
63.35000,0.01863
63.37500,0.01680
63.40000,0.01268
63.42500,0.00823
63.45000,0.00289
63.47500,-0.00245
63.50000,-0.00779
63.52500,-0.01270
63.55000,-0.01385
63.57500,-0.01731
63.60000,-0.01992
63.62500,-0.02132
63.65000,-0.02169
63.67500,-0.02086
63.70000,-0.01899
63.72500,-0.01608
63.75000,-0.01243
63.77500,-0.01079
63.80000,-0.00564
63.82500,-3.12702E-4
63.85000,0.00520
63.87500,0.01038
63.90000,0.01469
63.92500,0.01854
63.95000,0.01990
63.97500,0.02181
64.00000,0.02289
64.02500,0.02257
64.05000,0.02123
64.07500,0.01862
64.10000,0.01715
64.12500,0.01285
64.15000,0.00840
64.17500,0.00306
64.20000,-0.00227
64.22500,-0.00779
64.25000,-0.01287
64.27500,-0.01402
64.30000,-0.01748
64.32500,-0.02009
64.35000,-0.02149
64.37500,-0.02186
64.40000,-0.02103
64.42500,-0.01916
64.45000,-0.01602
64.47500,-0.01489
64.50000,-0.01079
64.52500,-0.00564
64.55000,-1.36415E-4
64.57500,0.00520
64.60000,0.01038
64.62500,0.01469
64.65000,0.01854
64.67500,0.01989
64.70000,0.02199
64.72500,0.02289
64.75000,0.02257
64.77500,0.02122
64.80000,0.01880
64.82500,0.01714
64.85000,0.01303
64.87500,0.00840
64.90000,0.00307
64.92500,-0.00245
64.95000,-0.00779
64.97500,-0.01287
65.00000,-0.01402
65.02500,-0.01748
65.05000,-0.02009
65.07500,-0.02166
65.10000,-0.02204
65.12500,-0.02120
65.15000,-0.01916
65.17500,-0.01620
65.20000,-0.01506
65.22500,-0.01096
65.25000,-0.00581
65.27500,-3.12702E-4
65.30000,0.00520
65.32500,0.01038
65.35000,0.01472
65.37500,0.01730
65.40000,0.02007
65.42500,0.02216
65.45000,0.02306
65.47500,0.02274
65.50000,0.02140
65.52500,0.01879
65.55000,0.01732
65.57500,0.01302
65.60000,0.00857
65.62500,0.00306
65.65000,-0.00227
65.67500,-0.00779
65.70000,-0.01287
65.72500,-0.01402
65.75000,-0.01766
65.77500,-0.02026
65.80000,-0.02184
65.82500,-0.02221
65.85000,-0.02137
65.87500,-0.01951
65.90000,-0.01636
65.92500,-0.01541
65.95000,-0.01113
65.97500,-0.00599
66.00000,-4.84592E-4
66.02500,0.00502
66.05000,0.01038
66.07500,0.01468
66.10000,0.01871
66.12500,0.02007
66.15000,0.02216
66.17500,0.02306
66.20000,0.02274
66.22500,0.02140
66.25000,0.01880
66.27500,0.01714
66.30000,0.01303
66.32500,0.00840
66.35000,0.00307
66.37500,-0.00245
66.40000,-0.00778
66.42500,-0.01304
66.45000,-0.01419
66.47500,-0.01766
66.50000,-0.02026
66.52500,-0.02184
66.55000,-0.02221
66.57500,-0.02120
66.60000,-0.01933
66.62500,-0.01643
66.65000,-0.01277
66.67500,-0.01096
66.70000,-0.00581
66.72500,-3.12702E-4
66.75000,0.00520
66.77500,0.01038
66.80000,0.01468
66.82500,0.01871
66.85000,0.01989
66.87500,0.02199
66.90000,0.02289
66.92500,0.02257
66.95000,0.02122
66.97500,0.01880
67.00000,0.01715
67.02500,0.01285
67.05000,0.00823
67.07500,0.00289
67.10000,-0.00244
67.12500,-0.00796
67.15000,-0.01304
67.17500,-0.01419
67.20000,-0.01766
67.22500,-0.02009
67.25000,-0.02167
67.27500,-0.02186
67.30000,-0.02103
67.32500,-0.01916
67.35000,-0.01608
67.37500,-0.01260
67.40000,-0.01079
67.42500,-0.00564
67.45000,-1.36415E-4
67.47500,0.00520
67.50000,0.01038
67.52500,0.01469
67.55000,0.01854
67.57500,0.01989
67.60000,0.02200
67.62500,0.02271
67.65000,0.02258
67.67500,0.02106
67.70000,0.01845
67.72500,0.01697
67.75000,0.01268
67.77500,0.00805
67.80000,0.00289
67.82500,-0.00262
67.85000,-0.00796
67.87500,-0.01304
67.90000,-0.01419
67.92500,-0.01766
67.95000,-0.02026
67.97500,-0.02167
68.00000,-0.02186
68.02500,-0.02103
68.05000,-0.01916
68.07500,-0.01602
68.10000,-0.01524
68.12500,-0.01079
68.15000,-0.00547
68.17500,-1.40812E-4
68.20000,0.00537
68.22500,0.01038
68.25000,0.01472
68.27500,0.01748
68.30000,0.01989
68.32500,0.02199
68.35000,0.02289
68.37500,0.02258
68.40000,0.02106
68.42500,0.01845
68.45000,0.01697
68.47500,0.01268
68.50000,0.00805
68.52500,0.00272
68.55000,-0.00279
68.57500,-0.00814
68.60000,-0.01304
68.62500,-0.01419
68.65000,-0.01766
68.67500,-0.02026
68.70000,-0.02166
68.72500,-0.02204
68.75000,-0.02103
68.77500,-0.01916
68.80000,-0.01602
68.82500,-0.01507
68.85000,-0.01062
68.87500,-0.00547
68.90000,3.54788E-5
68.92500,0.00537
68.95000,0.01055
68.97500,0.01486
69.00000,0.01889
69.02500,0.02007
69.05000,0.02217
69.07500,0.02289
69.10000,0.02257
69.12500,0.02123
69.15000,0.01862
69.17500,0.01697
69.20000,0.01285
69.22500,0.00823
69.25000,0.00289
69.27500,-0.00262
69.30000,-0.00796
69.32500,-0.01304
69.35000,-0.01419
69.37500,-0.01766
69.40000,-0.02026
69.42500,-0.02184
69.45000,-0.02204
69.47500,-0.02120
69.50000,-0.01916
69.52500,-0.01620
69.55000,-0.01471
69.57500,-0.01079
69.60000,-0.00564
69.62500,-1.40812E-4
69.65000,0.00537
69.67500,0.01055
69.70000,0.01486
69.72500,0.01871
69.75000,0.02007
69.77500,0.02216
69.80000,0.02306
69.82500,0.02275
69.85000,0.02122
69.87500,0.01880
69.90000,0.01715
69.92500,0.01285
69.95000,0.00823
69.97500,0.00289
70.00000,-0.00261
70.02500,-0.00813
70.05000,-0.01322
70.07500,-0.01437
70.10000,-0.01783
70.12500,-0.02044
70.15000,-0.02184
70.17500,-0.02221
70.20000,-0.02138
70.22500,-0.01933
70.25000,-0.01637
70.27500,-0.01506
70.30000,-0.01097
70.32500,-0.00564
70.35000,-1.40812E-4
70.37500,0.00537
70.40000,0.01054
70.42500,0.01503
70.45000,0.01888
70.47500,0.02024
70.50000,0.02234
70.52500,0.02323
70.55000,0.02292
70.57500,0.02140
70.60000,0.01897
70.62500,0.01732
70.65000,0.01303
70.67500,0.00840
70.70000,0.00289
70.72500,-0.00261
70.75000,-0.00813
70.77500,-0.01322
70.80000,-0.01437
70.82500,-0.01783
70.85000,-0.02043
70.87500,-0.02201
70.90000,-0.02238
70.92500,-0.02155
70.95000,-0.01951
70.97500,-0.01643
71.00000,-0.01277
71.02500,-0.01097
71.05000,-0.00564
71.07500,-1.40812E-4
71.10000,0.00537
71.12500,0.01054
71.15000,0.01503
71.17500,0.01906
71.20000,0.02024
71.22500,0.02234
71.25000,0.02323
71.27500,0.02292
71.30000,0.02140
71.32500,0.01897
71.35000,0.01714
71.37500,0.01303
71.40000,0.00823
71.42500,0.00289
71.45000,-0.00261
71.47500,-0.00813
71.50000,-0.01322
71.52500,-0.01437
71.55000,-0.01783
71.57500,-0.02043
71.60000,-0.02201
71.62500,-0.02221
71.65000,-0.02138
71.67500,-0.01934
71.70000,-0.01619
71.72500,-0.01524
71.75000,-0.01079
71.77500,-0.00547
71.80000,3.10777E-5
71.82500,0.00555
71.85000,0.01054
71.87500,0.01525
71.90000,0.01729
71.92500,0.02042
71.95000,0.02234
71.97500,0.02323
72.00000,0.02292
72.02500,0.02140
72.05000,0.01880
72.07500,0.01715
72.10000,0.01285
72.12500,0.00823
72.15000,0.00272
72.17500,-0.00278
72.20000,-0.00831
72.22500,-0.01339
72.25000,-0.01454
72.27500,-0.01800
72.30000,-0.02061
72.32500,-0.02201
72.35000,-0.02238
72.37500,-0.02138
72.40000,-0.01934
72.42500,-0.01623
72.45000,-0.01366
72.47500,-0.01079
72.50000,-0.00547
72.52500,2.66768E-5
72.55000,0.00571
72.57500,0.01089
72.60000,0.01520
72.62500,0.01923
72.65000,0.02059
72.67500,0.02251
72.70000,0.02341
72.72500,0.02292
72.75000,0.02140
72.77500,0.01880
72.80000,0.01715
72.82500,0.01286
72.85000,0.00805
72.87500,0.00273
72.90000,-0.00296
72.92500,-0.00830
72.95000,-0.01356
72.97500,-0.01471
73.00000,-0.01817
73.02500,-0.02078
73.05000,-0.02218
73.07500,-0.02256
73.10000,-0.02155
73.12500,-0.01951
73.15000,-0.01643
73.17500,-0.01260
73.20000,-0.01079
73.22500,-0.00547
73.25000,2.66768E-5
73.27500,0.00571
73.30000,0.01106
73.32500,0.01537
73.35000,0.01940
73.37500,0.02076
73.40000,0.02268
73.42500,0.02358
73.45000,0.02309
73.47500,0.02157
73.50000,0.01902
73.52500,0.01538
73.55000,0.01268
73.57500,0.00805
73.60000,0.00273
73.62500,-0.00296
73.65000,-0.00848
73.67500,-0.01356
73.70000,-0.01471
73.72500,-0.01834
73.75000,-0.02095
73.77500,-0.02236
73.80000,-0.02255
73.82500,-0.02172
73.85000,-0.01968
73.87500,-0.01641
73.90000,-0.01366
73.92500,-0.01079
73.95000,-0.00547
73.97500,2.02968E-4
74.00000,0.00571
74.02500,0.01088
74.05000,0.01559
74.07500,0.01781
74.10000,0.02075
74.12500,0.02285
74.15000,0.02375
74.17500,0.02326
74.20000,0.02174
74.22500,0.01914
74.25000,0.01732
74.27500,0.01303
74.30000,0.00823
74.32500,0.00273
74.35000,-0.00296
74.37500,-0.00847
74.40000,-0.01373
74.42500,-0.01488
74.45000,-0.01852
74.47500,-0.02095
74.50000,-0.02253
74.52500,-0.02273
74.55000,-0.02172
74.57500,-0.01968
74.60000,-0.01654
74.62500,-0.01542
74.65000,-0.01079
74.67500,-0.00547
74.70000,1.98563E-4
74.72500,0.00588
74.75000,0.01106
74.77500,0.01577
74.80000,0.01780
74.82500,0.02093
74.85000,0.02302
74.87500,0.02392
74.90000,0.02344
74.92500,0.02192
74.95000,0.01914
74.97500,0.01732
75.00000,0.01303
75.02500,0.00823
75.05000,0.00273
75.07500,-0.00296
75.10000,-0.00847
75.12500,-0.01373
75.15000,-0.01488
75.17500,-0.01852
75.20000,-0.02112
75.22500,-0.02252
75.25000,-0.02290
75.27500,-0.02190
75.30000,-0.01968
75.32500,-0.01660
75.35000,-0.01277
75.37500,-0.01097
75.40000,-0.00547
75.42500,1.98563E-4
75.45000,0.00588
75.47500,0.01123
75.50000,0.01576
75.52500,0.01815
75.55000,0.02110
75.57500,0.02302
75.60000,0.02392
75.62500,0.02361
75.65000,0.02209
75.67500,0.01935
75.70000,0.01626
75.72500,0.01303
75.75000,0.00823
75.77500,0.00273
75.80000,-0.00296
75.82500,-0.00847
75.85000,-0.01373
75.87500,-0.01505
75.90000,-0.01869
75.92500,-0.02129
75.95000,-0.02287
75.97500,-0.02307
76.00000,-0.02206
76.02500,-0.02002
76.05000,-0.01695
76.07500,-0.01277
76.10000,-0.01114
76.12500,-0.00565
76.15000,1.98563E-4
76.17500,0.00588
76.20000,0.01106
76.22500,0.01576
76.25000,0.01815
76.27500,0.02127
76.30000,0.02337
76.32500,0.02427
76.35000,0.02378
76.37500,0.02227
76.40000,0.01952
76.42500,0.01643
76.45000,0.01320
76.47500,0.00841
76.50000,0.00273
76.52500,-0.00295
76.55000,-0.00865
76.57500,-0.01390
76.60000,-0.01522
76.62500,-0.01886
76.65000,-0.02146
76.67500,-0.02304
76.70000,-0.02324
76.72500,-0.02224
76.75000,-0.02020
76.77500,-0.01695
76.80000,-0.01295
76.82500,-0.01114
76.85000,-0.00565
76.87500,2.22761E-5
76.90000,0.00588
76.92500,0.01123
76.95000,0.01593
76.97500,0.01815
77.00000,0.02127
77.02500,0.02337
77.05000,0.02426
77.07500,0.02395
77.10000,0.02244
77.12500,0.01967
77.15000,0.01767
77.17500,0.01320
77.20000,0.00841
77.22500,0.00273
77.25000,-0.00295
77.27500,-0.00865
77.30000,-0.01390
77.32500,-0.01522
77.35000,-0.01886
77.37500,-0.02164
77.40000,-0.02304
77.42500,-0.02324
77.45000,-0.02241
77.47500,-0.02020
77.50000,-0.01691
77.52500,-0.01471
77.55000,-0.01097
77.57500,-0.00547
77.60000,1.94159E-4
77.62500,0.00606
77.65000,0.01122
77.67500,0.01611
77.70000,0.01832
77.72500,0.02144
77.75000,0.02354
77.77500,0.02426
77.80000,0.02396
77.82500,0.02227
77.85000,0.01949
77.87500,0.01750
77.90000,0.01303
77.92500,0.00823
77.95000,0.00256
77.97500,-0.00330
78.00000,-0.00882
78.02500,-0.01407
78.05000,-0.01539
78.07500,-0.01903
78.10000,-0.02164
78.12500,-0.02304
78.15000,-0.02324
78.17500,-0.02224
78.20000,-0.02003
78.22500,-0.01677
78.25000,-0.01313
78.27500,-0.01080
78.30000,-0.00530
78.32500,3.66042E-4
78.35000,0.00623
78.37500,0.01140
78.40000,0.01610
78.42500,0.01849
78.45000,0.02144
78.47500,0.02354
78.50000,0.02444
78.52500,0.02396
78.55000,0.02227
78.57500,0.01949
78.60000,0.01750
78.62500,0.01304
78.65000,0.00806
78.67500,0.00238
78.70000,-0.00330
78.72500,-0.00899
78.75000,-0.01424
78.77500,-0.01557
78.80000,-0.01920
78.82500,-0.02181
78.85000,-0.02322
78.87500,-0.02342
78.90000,-0.02241
78.92500,-0.02020
78.95000,-0.01677
78.97500,-0.01331
79.00000,-0.01080
79.02500,-0.00531
79.05000,5.42336E-4
79.07500,0.00622
79.10000,0.01157
79.12500,0.01628
79.15000,0.01849
79.17500,0.02161
79.20000,0.02372
79.22500,0.02444
79.25000,0.02396
79.27500,0.02227
79.30000,0.01949
79.32500,0.01750
79.35000,0.01304
79.37500,0.00806
79.40000,0.00239
79.42500,-0.00347
79.45000,-0.00917
79.47500,-0.01424
79.50000,-0.01574
79.52500,-0.01938
79.55000,-0.02198
79.57500,-0.02339
79.60000,-0.02359
79.62500,-0.02241
79.65000,-0.02020
79.67500,-0.01695
79.70000,-0.01295
79.72500,-0.01080
79.75000,-0.00531
79.77500,5.37925E-4
79.80000,0.00640
79.82500,0.01157
79.85000,0.01645
79.87500,0.01866
79.90000,0.02179
79.92500,0.02389
79.95000,0.02461
79.97500,0.02413
80.00000,0.02244
80.02500,0.01967
80.05000,0.01767
80.07500,0.01304
80.10000,0.00806
80.12500,0.00239
80.15000,-0.00347
80.17500,-0.00917
80.20000,-0.01406
80.22500,-0.01574
80.25000,-0.01937
80.27500,-0.02216
80.30000,-0.02356
80.32500,-0.02376
80.35000,-0.02276
80.37500,-0.02037
80.40000,-0.01713
80.42500,-0.01295
80.45000,-0.01097
80.47500,-0.00531
80.50000,5.37925E-4
80.52500,0.00640
80.55000,0.01174
80.57500,0.01645
80.60000,0.01866
80.62500,0.02179
80.65000,0.02388
80.67500,0.02478
80.70000,0.02430
80.72500,0.02261
80.75000,0.01966
80.77500,0.01784
80.80000,0.01321
80.82500,0.00824
80.85000,0.00239
80.87500,-0.00347
80.90000,-0.00918
80.92500,-0.01353
80.95000,-0.01574
80.97500,-0.01937
81.00000,-0.02216
81.02500,-0.02356
81.05000,-0.02376
81.07500,-0.02258
81.10000,-0.02037
81.12500,-0.01713
81.15000,-0.01277
81.17500,-0.01097
81.20000,-0.00531
81.22500,5.37925E-4
81.25000,0.00640
81.27500,0.01174
81.30000,0.01645
81.32500,0.01883
81.35000,0.02196
81.37500,0.02388
81.40000,0.02479
81.42500,0.02413
81.45000,0.02244
81.47500,0.01967
81.50000,0.01767
81.52500,0.01304
81.55000,0.00807
81.57500,0.00222
81.60000,-0.00364
81.62500,-0.00934
81.65000,-0.01441
81.67500,-0.01591
81.70000,-0.01955
81.72500,-0.02216
81.75000,-0.02356
81.77500,-0.02359
81.80000,-0.02259
81.82500,-0.02020
81.85000,-0.01695
81.87500,-0.01313
81.90000,-0.01080
81.92500,-0.00513
81.95000,7.14223E-4
81.97500,0.00640
82.00000,0.01174
82.02500,0.01645
82.05000,0.01866
82.07500,0.02179
82.10000,0.02389
82.12500,0.02461
82.15000,0.02413
82.17500,0.02227
82.20000,0.01932
82.22500,0.01733
82.25000,0.01269
82.27500,0.00772
82.30000,0.00204
82.32500,-0.00381
82.35000,-0.00951
82.37500,-0.01458
82.40000,-0.01609
82.42500,-0.01955
82.45000,-0.02198
82.47500,-0.02339
82.50000,-0.02359
82.52500,-0.02242
82.55000,-0.02003
82.57500,-0.01672
82.60000,-0.01507
82.62500,-0.01045
82.65000,-0.00496
82.67500,8.81692E-4
82.70000,0.00674
82.72500,0.01191
82.75000,0.01662
82.77500,0.01884
82.80000,0.02179
82.82500,0.02389
82.85000,0.02462
82.87500,0.02396
82.90000,0.02227
82.92500,0.01933
82.95000,0.01715
82.97500,0.01270
83.00000,0.00755
83.02500,0.00187
83.05000,-0.00399
83.07500,-0.00954
83.10000,-0.01353
83.12500,-0.01609
83.15000,-0.01955
83.17500,-0.02198
83.20000,-0.02339
83.22500,-0.02342
83.25000,-0.02224
83.27500,-0.01986
83.30000,-0.01654
83.32500,-0.01525
83.35000,-0.01028
83.37500,-0.00479
83.40000,0.00105
83.42500,0.00692
83.45000,0.01209
83.47500,0.01679
83.50000,0.01902
83.52500,0.02179
83.55000,0.02372
83.57500,0.02444
83.60000,0.02379
83.62500,0.02193
83.65000,0.01898
83.67500,0.01698
83.70000,0.01252
83.72500,0.00737
83.75000,0.00170
83.77500,-0.00416
83.80000,-0.00992
83.82500,-0.01212
83.85000,-0.01608
83.87500,-0.01972
83.90000,-0.02216
83.92500,-0.02339
83.95000,-0.02342
83.97500,-0.02224
84.00000,-0.01986
84.02500,-0.01638
84.05000,-0.01490
84.07500,-0.01029
84.10000,-0.00462
84.12500,0.00123
84.15000,0.00692
84.17500,0.01209
84.20000,0.01680
84.22500,0.01883
84.25000,0.02196
84.27500,0.02389
84.30000,0.02444
84.32500,0.02379
84.35000,0.02193
84.37500,0.01898
84.40000,0.01698
84.42500,0.01235
84.45000,0.00720
84.47500,0.00153
84.50000,-0.00433
84.52500,-0.00987
84.55000,-0.01440
84.57500,-0.01626
84.60000,-0.01972
84.62500,-0.02216
84.65000,-0.02339
84.67500,-0.02342
84.70000,-0.02224
84.72500,-0.01986
84.75000,-0.01637
84.77500,-0.01508
84.80000,-0.01011
84.82500,-0.00445
84.85000,0.00140
84.87500,0.00709
84.90000,0.01226
84.92500,0.01697
84.95000,0.01901
